X,Y,CountryCode
552,264,792
560,264,792
552,272,792
560,272,792
568,272,792
576,272,792
584,272,792
592,272,792
544,280,792
552,280,792
560,280,792
568,280,792
576,280,792
584,280,792
592,280,792
600,280,792
536,288,792
544,288,792
552,288,792
560,288,792
568,288,792
576,288,792
584,288,792
592,288,792
600,288,792
544,296,792
552,296,792
560,296,792
568,296,792
576,296,792
584,296,792
592,296,792
600,296,792
536,256,792
544,256,792
528,264,792
536,264,792
544,264,792
528,272,792
536,272,792
560,320,422
568,320,422
560,328,422
576,344,275
576,352,275
560,344,275
560,336,376
568,336,376
568,344,376
568,352,376
568,304,760
576,304,760
584,304,760
592,304,760
568,312,760
576,312,760
584,312,760
592,312,760
576,320,760
584,320,760
568,328,760
576,328,400
584,328,400
576,336,400
584,336,400
584,344,400
584,352,400
584,256,268
592,344,682
592,352,682
600,352,682
592,360,682
600,360,682
608,360,682
616,360,682
592,368,682
600,368,682
608,368,682
616,368,682
624,368,682
632,368,682
584,264,51
600,304,368
608,304,368
600,312,368
608,312,368
592,320,368
600,320,368
608,320,368
592,328,368
600,328,368
608,328,368
592,336,368
600,336,368
608,336,368
616,336,368
600,344,368
608,344,368
616,344,368
608,352,368
520,128,643
520,136,643
528,136,643
520,144,643
528,144,643
536,144,643
536,152,643
544,152,643
552,152,643
528,160,643
536,160,643
544,160,643
552,160,643
528,168,643
536,168,643
544,168,643
552,168,643
560,168,643
568,168,643
576,168,643
528,176,643
536,176,643
544,176,643
552,176,643
560,176,643
568,176,643
576,176,643
536,184,643
544,184,643
552,184,643
560,184,643
568,184,643
576,184,643
552,192,643
560,192,643
568,192,643
576,192,643
584,192,643
592,192,643
560,200,643
568,200,643
576,200,643
584,200,643
592,200,643
560,208,643
568,208,643
576,208,643
584,208,643
592,208,643
560,216,643
568,216,643
576,216,643
584,216,643
592,216,643
560,224,643
568,224,643
576,224,643
584,224,643
592,224,643
576,232,643
584,232,643
592,232,643
584,240,643
592,240,643
592,248,643
592,256,31
600,256,31
592,264,31
600,264,31
600,272,31
608,272,364
608,280,364
616,280,364
624,280,364
632,280,364
640,280,364
648,280,364
656,280,364
664,280,364
608,288,364
616,288,364
624,288,364
632,288,364
640,288,364
648,288,364
656,288,364
664,288,364
608,296,364
616,296,364
624,296,364
632,296,364
640,296,364
648,296,364
656,296,364
664,296,364
616,304,364
624,304,364
632,304,364
640,304,364
648,304,364
656,304,364
664,304,364
616,312,364
624,312,364
632,312,364
640,312,364
648,312,364
656,312,364
664,312,364
656,320,364
664,320,364
608,376,887
616,376,887
624,376,887
608,384,887
616,384,887
624,384,887
632,384,887
640,384,887
608,392,887
616,392,887
624,392,887
632,392,887
640,392,887
616,400,887
616,352,414
624,248,860
632,248,860
640,248,860
648,248,860
656,248,860
664,248,860
640,256,860
648,256,860
656,256,860
664,256,860
648,264,860
656,264,860
648,272,860
656,272,860
640,352,784
624,360,784
632,360,784
640,360,784
648,360,784
640,368,784
632,336,48
632,352,634
632,272,795
640,272,795
648,368,512
632,376,512
640,376,512
656,232,398
664,232,398
672,232,398
680,232,398
656,240,398
664,240,398
672,240,398
680,240,398
672,256,762
664,264,762
672,264,762
664,272,762
712,248,586
720,248,586
712,256,586
720,256,586
728,256,586
736,256,586
704,264,586
712,264,586
720,264,586
728,264,586
704,272,586
712,272,586
720,272,586
696,280,586
704,280,586
712,280,586
720,280,586
728,280,586
696,288,586
704,288,586
712,288,586
720,288,586
728,288,586
688,296,586
696,296,586
704,296,586
712,296,586
720,296,586
728,296,586
736,296,586
688,304,586
696,304,586
704,304,586
712,304,586
720,304,586
728,304,586
736,304,586
680,312,586
688,312,586
696,312,586
704,312,586
712,312,586
720,312,586
728,312,586
736,312,586
744,312,586
672,320,586
680,320,586
688,320,586
696,320,586
704,320,586
712,320,586
720,320,586
728,320,586
736,320,586
664,328,586
672,328,586
680,328,586
688,328,586
696,328,586
704,328,586
712,328,586
720,328,586
728,328,586
736,328,586
672,336,586
680,336,586
688,336,586
696,336,586
704,336,586
712,336,586
720,336,586
728,336,586
672,344,586
680,344,586
688,344,586
696,344,586
704,344,586
712,344,586
720,344,586
680,352,586
688,352,586
696,352,586
704,352,586
712,352,586
720,352,586
680,360,586
688,360,586
696,360,586
688,368,586
696,368,586
696,376,586
704,376,586
704,384,586
712,384,586
696,264,4
672,272,4
680,272,4
688,272,4
696,272,4
672,280,4
680,280,4
688,280,4
672,288,4
680,288,4
688,288,4
672,296,4
680,296,4
672,304,4
680,304,4
672,312,4
672,248,417
680,248,417
688,248,417
768,248,356
776,248,356
784,248,356
752,256,356
760,256,356
768,256,356
776,256,356
784,256,356
792,256,356
736,264,356
744,264,356
752,264,356
760,264,356
768,264,356
776,264,356
784,264,356
792,264,356
728,272,356
736,272,356
744,272,356
752,272,356
760,272,356
768,272,356
776,272,356
784,272,356
792,272,356
800,272,356
736,280,356
744,280,356
752,280,356
760,280,356
768,280,356
776,280,356
784,280,356
792,280,356
800,280,356
736,288,356
744,288,356
752,288,356
760,288,356
768,288,356
776,288,356
784,288,356
792,288,356
800,288,356
744,296,356
752,296,356
760,296,356
768,296,356
776,296,356
784,296,356
792,296,356
800,296,356
744,304,356
752,304,356
760,304,356
768,304,356
776,304,356
784,304,356
792,304,356
800,304,356
808,304,356
752,312,356
760,312,356
768,312,356
776,312,356
784,312,356
792,312,356
800,312,356
808,312,356
816,312,356
744,320,356
752,320,356
760,320,356
768,320,356
776,320,356
784,320,356
792,320,356
800,320,356
808,320,356
816,320,356
824,320,356
832,320,356
744,328,356
752,328,356
760,328,356
768,328,356
776,328,356
784,328,356
792,328,356
800,328,356
808,328,356
816,328,356
824,328,356
832,328,356
840,328,356
848,328,356
736,336,356
744,336,356
752,336,356
760,336,356
768,336,356
776,336,356
784,336,356
792,336,356
800,336,356
808,336,356
816,336,356
824,336,356
832,336,356
840,336,356
848,336,356
856,336,356
864,336,356
872,336,356
880,336,356
888,336,356
896,336,356
904,336,356
912,336,356
728,344,356
736,344,356
744,344,356
752,344,356
760,344,356
768,344,356
776,344,356
784,344,356
792,344,356
800,344,356
808,344,356
816,344,356
824,344,356
832,344,356
840,344,356
848,344,356
872,344,356
880,344,356
888,344,356
896,344,356
904,344,356
912,344,356
920,344,356
728,352,356
736,352,356
744,352,356
752,352,356
760,352,356
768,352,356
776,352,356
784,352,356
792,352,356
800,352,356
808,352,356
816,352,356
824,352,356
832,352,356
840,352,356
848,352,356
896,352,356
904,352,356
912,352,356
920,352,356
928,352,356
704,360,356
712,360,356
720,360,356
728,360,356
736,360,356
744,360,356
752,360,356
760,360,356
768,360,356
776,360,356
784,360,356
792,360,356
800,360,356
808,360,356
816,360,356
824,360,356
832,360,356
840,360,356
848,360,356
856,360,356
920,360,356
928,360,356
936,360,356
944,360,356
704,368,356
712,368,356
720,368,356
728,368,356
736,368,356
744,368,356
752,368,356
760,368,356
768,368,356
776,368,356
784,368,356
792,368,356
800,368,356
808,368,356
816,368,356
824,368,356
832,368,356
840,368,356
848,368,356
920,368,356
928,368,356
936,368,356
944,368,356
712,376,356
720,376,356
728,376,356
736,376,356
744,376,356
752,376,356
760,376,356
768,376,356
776,376,356
784,376,356
792,376,356
800,376,356
808,376,356
816,376,356
824,376,356
832,376,356
840,376,356
848,376,356
904,376,356
912,376,356
920,376,356
928,376,356
936,376,356
944,376,356
696,384,356
720,384,356
728,384,356
736,384,356
744,384,356
752,384,356
760,384,356
768,384,356
776,384,356
784,384,356
792,384,356
800,384,356
808,384,356
816,384,356
824,384,356
832,384,356
840,384,356
848,384,356
904,384,356
912,384,356
920,384,356
928,384,356
936,384,356
944,384,356
696,392,356
704,392,356
712,392,356
720,392,356
728,392,356
736,392,356
744,392,356
752,392,356
760,392,356
768,392,356
776,392,356
784,392,356
792,392,356
800,392,356
808,392,356
816,392,356
824,392,356
832,392,356
840,392,356
848,392,356
856,392,356
904,392,356
920,392,356
928,392,356
936,392,356
696,400,356
704,400,356
712,400,356
720,400,356
728,400,356
736,400,356
744,400,356
752,400,356
760,400,356
768,400,356
776,400,356
784,400,356
792,400,356
800,400,356
808,400,356
816,400,356
824,400,356
832,400,356
840,400,356
848,400,356
856,400,356
864,400,356
920,400,356
928,400,356
696,408,356
704,408,356
712,408,356
720,408,356
728,408,356
736,408,356
744,408,356
752,408,356
760,408,356
768,408,356
776,408,356
784,408,356
792,408,356
800,408,356
808,408,356
816,408,356
824,408,356
832,408,356
840,408,356
848,408,356
856,408,356
864,408,356
712,416,356
720,416,356
728,416,356
736,416,356
744,416,356
752,416,356
760,416,356
768,416,356
776,416,356
784,416,356
792,416,356
800,416,356
808,416,356
816,416,356
824,416,356
832,416,356
840,416,356
848,416,356
856,416,356
864,416,356
696,424,356
704,424,356
712,424,356
720,424,356
728,424,356
736,424,356
744,424,356
752,424,356
760,424,356
768,424,356
776,424,356
784,424,356
792,424,356
800,424,356
808,424,356
816,424,356
824,424,356
832,424,356
840,424,356
848,424,356
856,424,356
704,432,356
712,432,356
720,432,356
736,432,356
744,432,356
752,432,356
760,432,356
768,432,356
776,432,356
784,432,356
792,432,356
800,432,356
808,432,356
816,432,356
824,432,356
832,432,356
840,432,356
848,432,356
856,432,356
712,440,356
720,440,356
736,440,356
744,440,356
752,440,356
760,440,356
768,440,356
776,440,356
784,440,356
792,440,356
800,440,356
808,440,356
816,440,356
824,440,356
832,440,356
840,440,356
848,440,356
728,448,356
736,448,356
744,448,356
752,448,356
760,448,356
768,448,356
776,448,356
784,448,356
792,448,356
800,448,356
808,448,356
816,448,356
824,448,356
832,448,356
840,448,356
728,456,356
736,456,356
744,456,356
752,456,356
760,456,356
768,456,356
776,456,356
784,456,356
792,456,356
800,456,356
808,456,356
816,456,356
824,456,356
832,456,356
840,456,356
728,464,356
736,464,356
744,464,356
752,464,356
760,464,356
768,464,356
776,464,356
784,464,356
792,464,356
800,464,356
808,464,356
816,464,356
824,464,356
832,464,356
728,472,356
736,472,356
744,472,356
752,472,356
760,472,356
768,472,356
776,472,356
784,472,356
792,472,356
800,472,356
808,472,356
816,472,356
824,472,356
832,472,356
728,480,356
736,480,356
744,480,356
752,480,356
760,480,356
768,480,356
776,480,356
784,480,356
792,480,356
800,480,356
808,480,356
816,480,356
824,480,356
832,480,356
728,488,356
736,488,356
744,488,356
752,488,356
760,488,356
768,488,356
776,488,356
784,488,356
792,488,356
800,488,356
808,488,356
816,488,356
824,488,356
736,496,356
744,496,356
752,496,356
760,496,356
768,496,356
776,496,356
784,496,356
792,496,356
800,496,356
808,496,356
816,496,356
736,504,356
744,504,356
752,504,356
760,504,356
768,504,356
776,504,356
784,504,356
792,504,356
800,504,356
808,504,356
736,512,356
744,512,356
752,512,356
760,512,356
768,512,356
776,512,356
784,512,356
792,512,356
800,512,356
808,512,356
736,520,356
744,520,356
752,520,356
760,520,356
768,520,356
776,520,356
784,520,356
792,520,356
800,520,356
808,520,356
744,528,356
752,528,356
760,528,356
768,528,356
776,528,356
784,528,356
792,528,356
800,528,356
808,528,356
744,536,356
752,536,356
760,536,356
768,536,356
776,536,356
784,536,356
792,536,356
800,536,356
744,544,356
752,544,356
760,544,356
768,544,356
776,544,356
784,544,356
792,544,356
800,544,356
744,552,356
752,552,356
760,552,356
768,552,356
776,552,356
784,552,356
792,552,356
800,552,356
744,560,356
752,560,356
760,560,356
768,560,356
776,560,356
784,560,356
792,560,356
800,560,356
744,568,356
752,568,356
760,568,356
768,568,356
776,568,356
784,568,356
792,568,356
752,576,356
760,576,356
768,576,356
776,576,356
784,576,356
792,576,356
752,584,356
760,584,356
768,584,356
776,584,356
784,584,356
792,584,356
752,592,356
760,592,356
768,592,356
776,592,356
784,592,356
752,600,356
760,600,356
768,600,356
776,600,356
760,608,356
768,608,356
776,608,356
768,616,356
784,608,144
792,608,144
784,616,144
792,616,144
784,624,144
792,624,144
776,632,144
784,632,144
792,632,144
784,640,144
792,640,144
808,288,524
808,296,524
816,296,524
816,304,524
824,304,524
832,304,524
824,312,524
832,312,524
840,312,524
848,312,524
840,320,524
848,320,524
856,320,524
856,328,524
1064,120,156
1072,120,156
1080,120,156
1056,128,156
1064,128,156
1072,128,156
1080,128,156
1056,136,156
1064,136,156
1072,136,156
1080,136,156
1088,136,156
1048,144,156
1056,144,156
1064,144,156
1072,144,156
1080,144,156
1088,144,156
1040,152,156
1048,152,156
1056,152,156
1064,152,156
1072,152,156
1080,152,156
1088,152,156
1096,152,156
1104,152,156
1056,160,156
1064,160,156
1072,160,156
1080,160,156
1088,160,156
1096,160,156
1104,160,156
1112,160,156
1120,160,156
1048,168,156
1056,168,156
1064,168,156
1072,168,156
1080,168,156
1088,168,156
1096,168,156
1104,168,156
1112,168,156
1120,168,156
1040,176,156
1048,176,156
1056,176,156
1064,176,156
1072,176,156
1080,176,156
1088,176,156
1096,176,156
1104,176,156
1112,176,156
1120,176,156
1040,184,156
1048,184,156
1056,184,156
1064,184,156
1072,184,156
1080,184,156
1088,184,156
1096,184,156
1104,184,156
1112,184,156
1120,184,156
864,192,156
872,192,156
880,192,156
888,192,156
1032,192,156
1040,192,156
1048,192,156
1056,192,156
1064,192,156
1072,192,156
1080,192,156
1088,192,156
1096,192,156
1104,192,156
1112,192,156
848,200,156
856,200,156
864,200,156
872,200,156
880,200,156
888,200,156
896,200,156
904,200,156
1024,200,156
1032,200,156
1040,200,156
1048,200,156
1056,200,156
1064,200,156
1072,200,156
1080,200,156
1088,200,156
1096,200,156
1104,200,156
840,208,156
848,208,156
856,208,156
864,208,156
872,208,156
880,208,156
888,208,156
896,208,156
904,208,156
1016,208,156
1024,208,156
1032,208,156
1040,208,156
1048,208,156
1056,208,156
1064,208,156
1072,208,156
1080,208,156
1088,208,156
1096,208,156
840,216,156
848,216,156
856,216,156
864,216,156
872,216,156
880,216,156
888,216,156
896,216,156
904,216,156
912,216,156
992,216,156
1000,216,156
1008,216,156
1016,216,156
1024,216,156
1032,216,156
1040,216,156
1048,216,156
1056,216,156
1064,216,156
1072,216,156
1080,216,156
1088,216,156
840,224,156
848,224,156
856,224,156
864,224,156
872,224,156
880,224,156
888,224,156
896,224,156
904,224,156
912,224,156
920,224,156
928,224,156
976,224,156
984,224,156
992,224,156
1000,224,156
1008,224,156
1016,224,156
1024,224,156
1032,224,156
1040,224,156
1048,224,156
1056,224,156
1064,224,156
1072,224,156
1080,224,156
840,232,156
848,232,156
856,232,156
864,232,156
872,232,156
880,232,156
888,232,156
896,232,156
904,232,156
912,232,156
920,232,156
928,232,156
936,232,156
944,232,156
952,232,156
960,232,156
968,232,156
976,232,156
984,232,156
992,232,156
1000,232,156
1008,232,156
1016,232,156
1024,232,156
1032,232,156
1040,232,156
1064,232,156
1072,232,156
832,240,156
840,240,156
848,240,156
856,240,156
864,240,156
872,240,156
880,240,156
888,240,156
896,240,156
904,240,156
912,240,156
920,240,156
928,240,156
936,240,156
944,240,156
952,240,156
960,240,156
968,240,156
976,240,156
984,240,156
992,240,156
1000,240,156
1008,240,156
1016,240,156
1024,240,156
1032,240,156
1040,240,156
832,248,156
840,248,156
848,248,156
856,248,156
864,248,156
872,248,156
880,248,156
888,248,156
896,248,156
904,248,156
912,248,156
920,248,156
928,248,156
936,248,156
944,248,156
952,248,156
960,248,156
968,248,156
976,248,156
984,248,156
992,248,156
1000,248,156
1008,248,156
1016,248,156
1024,248,156
1032,248,156
1040,248,156
824,256,156
832,256,156
840,256,156
848,256,156
856,256,156
864,256,156
872,256,156
880,256,156
888,256,156
896,256,156
904,256,156
912,256,156
920,256,156
928,256,156
936,256,156
944,256,156
952,256,156
960,256,156
968,256,156
976,256,156
984,256,156
992,256,156
1000,256,156
1008,256,156
1016,256,156
1024,256,156
1032,256,156
1040,256,156
1048,256,156
1056,256,156
816,264,156
824,264,156
832,264,156
840,264,156
848,264,156
856,264,156
864,264,156
872,264,156
880,264,156
888,264,156
896,264,156
904,264,156
912,264,156
920,264,156
928,264,156
936,264,156
944,264,156
952,264,156
960,264,156
968,264,156
976,264,156
984,264,156
992,264,156
1000,264,156
1008,264,156
1016,264,156
1024,264,156
1032,264,156
1040,264,156
1048,264,156
808,272,156
816,272,156
824,272,156
832,272,156
840,272,156
848,272,156
856,272,156
864,272,156
872,272,156
880,272,156
888,272,156
896,272,156
904,272,156
912,272,156
920,272,156
928,272,156
936,272,156
944,272,156
952,272,156
960,272,156
968,272,156
976,272,156
984,272,156
992,272,156
1000,272,156
1008,272,156
1016,272,156
1024,272,156
1032,272,156
1040,272,156
808,280,156
816,280,156
824,280,156
832,280,156
840,280,156
848,280,156
856,280,156
864,280,156
872,280,156
880,280,156
888,280,156
896,280,156
904,280,156
912,280,156
920,280,156
928,280,156
936,280,156
944,280,156
952,280,156
960,280,156
968,280,156
976,280,156
984,280,156
992,280,156
1000,280,156
1008,280,156
1016,280,156
1024,280,156
1032,280,156
1040,280,156
816,288,156
824,288,156
832,288,156
840,288,156
848,288,156
856,288,156
864,288,156
872,288,156
880,288,156
888,288,156
896,288,156
904,288,156
912,288,156
920,288,156
928,288,156
936,288,156
944,288,156
952,288,156
960,288,156
968,288,156
976,288,156
984,288,156
992,288,156
1000,288,156
1008,288,156
1016,288,156
1024,288,156
1032,288,156
1040,288,156
1048,288,156
824,296,156
832,296,156
840,296,156
848,296,156
856,296,156
864,296,156
872,296,156
880,296,156
888,296,156
896,296,156
904,296,156
912,296,156
920,296,156
928,296,156
936,296,156
944,296,156
952,296,156
960,296,156
968,296,156
976,296,156
984,296,156
992,296,156
1000,296,156
1008,296,156
1016,296,156
1024,296,156
1032,296,156
1040,296,156
1048,296,156
1056,296,156
840,304,156
848,304,156
856,304,156
864,304,156
872,304,156
880,304,156
888,304,156
896,304,156
904,304,156
912,304,156
920,304,156
928,304,156
936,304,156
944,304,156
952,304,156
960,304,156
968,304,156
976,304,156
984,304,156
992,304,156
1000,304,156
1008,304,156
1016,304,156
1024,304,156
1032,304,156
1040,304,156
1048,304,156
1056,304,156
856,312,156
864,312,156
872,312,156
880,312,156
888,312,156
896,312,156
904,312,156
912,312,156
920,312,156
928,312,156
936,312,156
944,312,156
952,312,156
960,312,156
968,312,156
976,312,156
984,312,156
992,312,156
1000,312,156
1008,312,156
1016,312,156
1024,312,156
1032,312,156
1040,312,156
1048,312,156
1056,312,156
864,320,156
872,320,156
880,320,156
888,320,156
896,320,156
904,320,156
912,320,156
920,320,156
928,320,156
936,320,156
944,320,156
952,320,156
960,320,156
968,320,156
976,320,156
984,320,156
992,320,156
1000,320,156
1008,320,156
1016,320,156
1024,320,156
1032,320,156
1040,320,156
1048,320,156
1056,320,156
864,328,156
872,328,156
880,328,156
888,328,156
896,328,156
904,328,156
912,328,156
920,328,156
928,328,156
936,328,156
944,328,156
952,328,156
960,328,156
968,328,156
976,328,156
984,328,156
992,328,156
1000,328,156
1008,328,156
1016,328,156
1024,328,156
1032,328,156
1040,328,156
1048,328,156
920,336,156
928,336,156
936,336,156
944,336,156
952,336,156
960,336,156
968,336,156
976,336,156
984,336,156
992,336,156
1000,336,156
1008,336,156
1016,336,156
1024,336,156
1032,336,156
1040,336,156
1048,336,156
928,344,156
936,344,156
944,344,156
952,344,156
960,344,156
968,344,156
976,344,156
984,344,156
992,344,156
1000,344,156
1008,344,156
1016,344,156
1024,344,156
1032,344,156
1040,344,156
936,352,156
944,352,156
952,352,156
960,352,156
968,352,156
976,352,156
984,352,156
992,352,156
1000,352,156
1008,352,156
1016,352,156
1024,352,156
1032,352,156
952,360,156
960,360,156
968,360,156
976,360,156
984,360,156
992,360,156
1000,360,156
1008,360,156
1016,360,156
1024,360,156
952,368,156
960,368,156
968,368,156
976,368,156
984,368,156
992,368,156
1000,368,156
1008,368,156
1016,368,156
952,376,156
960,376,156
968,376,156
976,376,156
984,376,156
992,376,156
1000,376,156
1008,376,156
1016,376,156
952,384,156
960,384,156
968,384,156
976,384,156
984,384,156
992,384,156
1000,384,156
1008,384,156
944,392,156
952,392,156
960,392,156
992,392,156
1000,392,156
1008,392,156
944,400,156
952,400,156
960,400,156
944,408,156
952,408,156
960,408,156
952,416,156
856,344,50
864,344,50
856,352,50
864,352,50
872,352,50
880,352,50
888,352,50
864,360,50
872,360,50
880,360,50
888,360,50
896,360,50
904,360,50
912,360,50
856,368,50
864,368,50
872,368,50
880,368,50
888,368,50
896,368,50
904,368,50
912,368,50
856,376,50
864,376,50
872,376,50
880,376,50
888,376,50
896,376,50
856,384,50
864,384,50
872,384,50
880,384,50
888,384,50
896,384,50
864,392,50
872,392,50
880,392,50
888,392,50
896,392,50
912,392,50
872,400,50
880,400,50
888,400,50
896,400,50
904,400,50
912,400,50
872,408,50
880,408,50
888,408,50
896,408,50
904,408,50
912,408,50
872,416,50
880,416,50
888,416,50
896,416,50
904,416,50
912,416,50
864,424,50
872,424,50
880,424,50
888,424,50
896,424,50
904,424,50
912,424,50
896,432,50
904,432,50
912,432,50
912,440,50
920,440,50
936,400,104
920,408,104
928,408,104
936,408,104
920,416,104
928,416,104
936,416,104
944,416,104
920,424,104
928,424,104
936,424,104
944,424,104
952,424,104
920,432,104
928,432,104
936,432,104
944,432,104
928,440,104
936,440,104
936,448,104
944,448,104
944,456,104
944,464,104
1008,592,360
1032,592,360
1064,592,360
1072,592,360
1080,592,360
1088,592,360
992,600,360
1000,600,360
1008,600,360
1016,600,360
1024,600,360
1032,600,360
1040,600,360
1048,600,360
1056,600,360
1064,600,360
1072,600,360
1080,600,360
992,608,360
1000,608,360
1008,608,360
1016,608,360
1024,608,360
1032,608,360
1040,608,360
1048,608,360
1056,608,360
1064,608,360
1072,608,360
1080,608,360
1088,608,360
1096,608,360
1000,616,360
1008,616,360
1016,616,360
1024,616,360
1032,616,360
1040,616,360
1048,616,360
1056,616,360
1064,616,360
1072,616,360
1080,616,360
1088,616,360
1096,616,360
1104,616,360
1008,624,360
1016,624,360
1024,624,360
1032,624,360
1040,624,360
1048,624,360
1056,624,360
1064,624,360
1072,624,360
1080,624,360
1088,624,360
1096,624,360
1104,624,360
1016,632,360
1024,632,360
1032,632,360
1040,632,360
1064,632,360
1072,632,360
1080,632,360
1088,632,360
944,536,360
952,544,360
960,544,360
952,552,360
960,552,360
968,552,360
960,560,360
968,560,360
976,560,360
968,568,360
976,568,360
984,568,360
976,576,360
984,576,360
992,576,360
984,584,360
992,584,360
1056,536,360
1064,536,360
1072,536,360
1048,544,360
1056,544,360
1064,544,360
1072,544,360
1024,552,360
1032,552,360
1040,552,360
1048,552,360
1056,552,360
1032,560,360
1040,560,360
1048,560,360
1040,568,360
1112,608,360
1120,608,360
1128,600,360
1128,608,360
1128,576,360
1112,528,360
1096,536,360
1104,536,360
1088,552,360
1088,560,360
1096,560,360
1088,568,360
1104,568,360
1144,552,360
1136,560,360
1144,560,360
1144,568,360
1120,560,360
1112,552,360
1112,544,360
936,552,360
944,224,496
960,424,764
952,432,764
960,432,764
944,440,764
952,440,764
960,440,764
968,440,764
976,440,764
952,448,764
960,448,764
968,448,764
976,448,764
952,456,764
960,456,764
968,456,764
976,456,764
984,456,764
952,464,764
960,464,764
968,464,764
976,464,764
984,464,764
952,472,764
960,472,764
968,472,764
976,472,764
952,480,764
968,480,764
952,488,764
952,496,764
952,504,764
960,504,764
960,512,764
968,520,764
968,528,764
968,392,704
976,392,704
984,392,704
968,400,704
976,400,704
984,400,704
992,400,704
1000,400,704
968,408,704
976,408,704
984,408,704
992,408,704
960,416,704
968,416,704
976,416,704
984,416,704
992,416,704
968,424,704
976,424,704
984,424,704
992,424,704
968,432,704
992,440,704
992,448,704
1000,448,704
992,456,704
1000,456,704
992,464,704
1000,464,704
1000,472,704
1008,472,704
1000,480,704
1008,480,704
1000,488,704
1008,488,704
992,496,704
1000,496,704
992,504,704
1000,504,704
976,432,418
984,432,418
984,440,418
984,448,418
984,472,116
992,472,116
976,480,116
984,480,116
992,480,116
976,488,116
984,488,116
992,488,116
976,528,458
976,536,458
984,536,458
984,544,458
1056,520,458
1064,520,458
1048,528,458
1056,528,458
1064,528,458
1072,528,458
1040,536,458
1048,536,458
1032,544,458
1040,544,458
992,544,702
984,552,702
992,552,702
1000,552,702
1048,360,344
1040,352,344
1048,352,344
1040,360,344
1128,480,608
1120,488,608
1128,488,608
1104,496,608
1112,496,608
1120,496,608
1128,496,608
1096,504,608
1120,504,608
1128,504,608
1112,512,608
1120,512,608
1128,512,608
1104,472,608
1096,480,608
1112,488,608
1112,480,608
1096,456,608
1096,464,608
1088,520,608
1080,456,608
1088,392,608
1096,392,608
1080,400,608
1088,400,608
1096,400,608
1080,408,608
1088,408,608
1080,416,608
1088,416,608
1080,424,608
1088,424,608
1096,424,608
1088,432,608
1096,432,608
1112,432,608
1088,440,608
1096,440,608
1104,440,608
1088,448,608
1104,448,608
1112,448,608
1120,448,608
1120,456,608
1112,464,608
1120,464,608
1120,472,608
1064,480,608
1072,472,608
1088,464,608
1096,448,608
1072,408,608
1080,352,158
1088,352,158
1072,360,158
1080,360,158
1072,368,158
1080,368,158
1064,376,158
1072,376,158
1080,376,158
1072,384,158
1072,392,158
1112,200,408
1104,208,408
1112,208,408
1096,216,408
1104,216,408
1112,216,408
1096,224,408
1104,224,408
1112,224,408
1096,232,408
1104,232,408
1112,320,392
1120,320,392
1112,328,392
1120,328,392
1120,336,392
1120,344,392
1128,328,392
1136,328,392
1144,328,392
1104,328,392
1192,240,392
1192,248,392
1192,256,392
1184,264,392
1192,264,392
1184,272,392
1192,272,392
1168,280,392
1176,280,392
1184,280,392
1192,280,392
1168,288,392
1176,288,392
1184,288,392
1192,288,392
1160,296,392
1168,296,392
1176,296,392
1192,296,392
1136,304,392
1144,304,392
1152,304,392
1160,304,392
1168,304,392
1120,312,392
1128,312,392
1136,312,392
1144,312,392
1152,312,392
1160,312,392
1136,320,392
1144,320,392
1152,320,392
1176,264,392
1200,192,392
1200,200,392
1208,200,392
1200,208,392
1208,208,392
1216,208,392
1192,216,392
1200,216,392
1208,216,392
1216,216,392
1192,224,392
1208,224,392
1120,224,410
1112,232,410
1120,232,410
1128,232,410
1112,240,410
1120,240,410
1128,240,410
1112,248,410
1120,248,410
1128,248,410
1136,248,410
1112,256,410
1120,256,410
1128,256,410
1136,256,410
1112,264,410
1120,264,410
1128,264,410
1136,264,410
1112,272,410
1120,272,410
1128,272,410
1136,600,626
1152,560,598
1152,568,598
1160,568,598
1168,616,36
1160,624,36
1168,624,36
1176,624,36
1184,624,36
1152,632,36
1160,632,36
1168,632,36
1176,632,36
1184,632,36
1176,552,583
1192,640,554
1200,624,554
1200,632,554
1200,608,242
8,264,840
16,264,840
24,264,840
32,264,840
40,264,840
48,264,840
56,264,840
64,264,840
72,264,840
80,264,840
88,264,840
8,272,840
16,272,840
24,272,840
32,272,840
40,272,840
48,272,840
56,272,840
64,272,840
72,272,840
80,272,840
88,272,840
96,272,840
152,272,840
8,280,840
16,280,840
24,280,840
32,280,840
40,280,840
48,280,840
56,280,840
64,280,840
72,280,840
80,280,840
88,280,840
96,280,840
112,280,840
144,280,840
8,288,840
16,288,840
24,288,840
32,288,840
40,288,840
48,288,840
56,288,840
64,288,840
72,288,840
80,288,840
88,288,840
96,288,840
112,288,840
128,288,840
136,288,840
8,296,840
16,296,840
24,296,840
32,296,840
40,296,840
48,296,840
56,296,840
64,296,840
72,296,840
80,296,840
88,296,840
96,296,840
104,296,840
112,296,840
120,296,840
128,296,840
136,296,840
8,304,840
16,304,840
24,304,840
32,304,840
40,304,840
48,304,840
56,304,840
64,304,840
72,304,840
80,304,840
88,304,840
96,304,840
104,304,840
112,304,840
120,304,840
128,304,840
136,304,840
8,312,840
16,312,840
24,312,840
32,312,840
40,312,840
48,312,840
56,312,840
64,312,840
72,312,840
80,312,840
88,312,840
96,312,840
104,312,840
112,312,840
120,312,840
128,312,840
16,320,840
24,320,840
32,320,840
40,320,840
48,320,840
56,320,840
64,320,840
72,320,840
80,320,840
88,320,840
96,320,840
104,320,840
112,320,840
120,320,840
128,320,840
24,328,840
32,328,840
40,328,840
48,328,840
56,328,840
64,328,840
72,328,840
80,328,840
88,328,840
96,328,840
104,328,840
112,328,840
120,328,840
64,336,840
72,336,840
80,336,840
88,336,840
96,336,840
104,336,840
112,336,840
72,344,840
80,344,840
96,264,124
104,264,124
112,264,124
152,264,124
104,272,124
112,272,124
120,272,124
128,272,124
136,272,124
144,272,124
120,280,124
128,280,124
136,280,124
24,336,484
32,336,484
40,336,484
48,336,484
56,336,484
32,344,484
40,344,484
48,344,484
56,344,484
64,344,484
32,352,484
40,352,484
48,352,484
56,352,484
64,352,484
72,352,484
32,360,484
48,360,484
56,360,484
64,360,484
72,360,484
48,368,484
56,368,484
64,368,484
72,368,484
80,368,484
40,376,484
48,376,484
56,376,484
64,376,484
72,376,484
80,376,484
120,376,484
56,384,484
64,384,484
72,384,484
80,384,484
88,384,484
112,384,484
120,384,484
64,392,484
72,392,484
80,392,484
88,392,484
96,392,484
112,392,484
64,400,484
72,400,484
80,400,484
88,400,484
96,400,484
104,400,484
112,400,484
80,408,484
88,408,484
96,408,484
104,408,484
120,392,320
128,392,320
120,400,320
128,400,320
112,408,320
112,416,320
120,408,222
128,408,222
136,408,222
136,344,192
144,344,192
152,344,192
152,352,192
160,352,192
128,384,84
136,400,340
144,400,340
144,408,340
144,368,388
152,400,558
160,400,558
152,408,558
160,416,188
168,416,188
176,424,591
192,344,332
192,352,332
176,360,332
200,424,170
208,424,170
192,432,170
200,432,170
208,432,170
192,440,170
200,440,170
208,440,170
184,448,170
192,448,170
200,448,170
208,448,170
216,448,170
184,456,170
192,456,170
200,456,170
208,456,170
216,456,170
200,464,170
208,464,170
216,464,170
208,472,170
184,464,218
192,464,218
184,472,218
192,472,218
200,472,218
184,480,218
192,480,218
200,480,218
192,488,218
192,496,218
208,480,604
200,488,604
184,496,604
200,496,604
184,504,604
192,504,604
200,504,604
192,512,604
200,512,604
208,512,604
200,520,604
208,520,604
208,528,604
200,344,214
200,352,214
208,352,214
240,552,76
248,440,76
256,440,76
232,448,76
240,448,76
248,448,76
256,448,76
264,448,76
232,456,76
240,456,76
248,456,76
256,456,76
264,456,76
272,456,76
224,464,76
232,464,76
240,464,76
248,464,76
256,464,76
264,464,76
272,464,76
280,464,76
216,472,76
224,472,76
232,472,76
240,472,76
248,472,76
256,472,76
264,472,76
272,472,76
280,472,76
288,472,76
296,472,76
216,480,76
224,480,76
232,480,76
240,480,76
248,480,76
256,480,76
264,480,76
272,480,76
280,480,76
288,480,76
296,480,76
208,488,76
216,488,76
224,488,76
232,488,76
240,488,76
248,488,76
256,488,76
264,488,76
272,488,76
280,488,76
288,488,76
208,496,76
216,496,76
224,496,76
232,496,76
240,496,76
248,496,76
256,496,76
264,496,76
272,496,76
280,496,76
288,496,76
208,504,76
216,504,76
224,504,76
232,504,76
240,504,76
248,504,76
256,504,76
264,504,76
272,504,76
280,504,76
216,512,76
224,512,76
232,512,76
240,512,76
248,512,76
256,512,76
264,512,76
272,512,76
280,512,76
232,520,76
240,520,76
248,520,76
256,520,76
264,520,76
272,520,76
240,528,76
248,528,76
256,528,76
240,536,76
248,536,76
256,536,76
248,544,76
224,424,862
216,432,862
224,432,862
232,432,862
240,432,862
216,440,862
224,440,862
232,440,862
240,440,862
224,448,862
224,456,862
208,536,152
208,544,152
208,552,152
208,560,152
208,568,152
208,576,152
208,584,152
208,592,152
216,600,152
216,608,152
224,616,152
224,536,32
216,544,32
224,544,32
232,544,32
216,552,32
224,552,32
232,552,32
216,560,32
224,560,32
232,560,32
216,568,32
224,568,32
232,568,32
216,576,32
224,576,32
216,584,32
224,584,32
216,592,32
224,592,32
224,600,32
224,608,32
216,520,68
224,520,68
216,528,68
224,528,68
232,528,68
216,536,68
224,352,630
232,536,600
240,544,600
240,400,780
240,560,858
248,360,312
248,376,474
248,384,662
248,432,740
344,104,304
376,160,372
368,168,372
376,168,372
376,312,724
408,256,724
416,256,724
384,264,724
392,264,724
400,264,724
408,264,724
416,264,724
424,264,724
392,272,724
400,272,724
408,272,724
416,272,724
392,280,724
400,280,724
408,280,724
416,280,724
392,288,724
400,288,724
408,288,724
400,296,724
392,120,826
400,120,826
392,128,826
384,136,826
392,136,826
400,136,826
392,144,826
384,152,826
392,152,826
400,152,826
392,160,826
400,160,826
400,168,826
408,168,826
384,176,826
392,176,826
400,176,826
408,176,826
384,184,826
392,184,826
400,184,826
408,184,826
416,184,826
392,192,826
400,192,826
408,192,826
384,200,826
408,200,826
376,152,826
384,272,620
384,280,620
384,288,620
432,200,250
424,208,250
432,208,250
440,208,250
416,216,250
424,216,250
432,216,250
440,216,250
448,216,250
424,224,250
432,224,250
440,224,250
448,224,250
416,232,250
424,232,250
432,232,250
440,232,250
416,240,250
424,240,250
432,240,250
440,240,250
416,248,250
424,248,250
432,248,250
440,248,250
424,256,250
448,264,250
448,168,528
456,168,528
448,176,528
440,184,528
448,184,528
440,192,56
448,192,56
440,200,56
448,200,56
448,208,56
472,296,380
472,232,380
480,232,380
488,232,380
496,232,380
448,240,380
456,240,380
464,240,380
472,240,380
480,240,380
448,248,380
456,248,380
464,248,380
472,248,380
472,256,380
480,256,380
472,264,380
480,264,380
488,264,380
480,272,380
488,272,380
488,280,380
496,280,380
488,288,380
496,296,380
488,304,380
456,224,756
464,224,756
448,232,756
456,232,756
464,232,756
464,160,276
472,160,276
480,160,276
464,168,276
472,168,276
480,168,276
488,168,276
456,176,276
464,176,276
472,176,276
480,176,276
488,176,276
456,184,276
464,184,276
472,184,276
480,184,276
488,184,276
456,192,276
464,192,276
472,192,276
480,192,276
488,192,276
456,200,276
464,200,276
472,200,276
480,200,276
488,200,276
456,208,276
464,208,276
472,208,276
480,208,276
456,216,276
464,216,276
472,216,276
480,216,276
472,224,276
472,144,208
480,144,208
472,152,208
480,224,40
488,224,40
496,224,40
488,208,203
496,208,203
504,208,203
512,208,203
488,216,203
496,216,203
504,120,578
496,136,578
496,168,616
504,168,616
512,168,616
520,168,616
496,176,616
504,176,616
512,176,616
496,184,616
504,184,616
512,184,616
496,192,616
504,192,616
512,192,616
520,192,616
496,200,616
504,200,616
512,200,616
512,120,752
504,128,752
496,144,752
496,240,705
504,216,703
504,224,348
512,224,348
504,232,348
512,232,348
520,232,348
504,248,70
504,256,70
504,240,688
512,240,688
512,248,688
520,248,688
512,256,688
512,128,246
512,136,246
512,144,246
512,264,8
544,192,804
520,200,804
528,200,804
536,200,804
544,200,804
552,200,804
520,208,804
528,208,804
536,208,804
544,208,804
552,208,804
512,216,804
520,216,804
528,216,804
536,216,804
544,216,804
552,216,804
520,224,804
512,272,300
520,272,300
520,280,300
528,224,642
528,232,642
536,232,642
520,240,642
528,240,642
536,240,642
528,248,642
536,248,642
520,176,440
520,184,112
528,184,112
528,192,112
536,192,112
520,256,100
528,256,100
520,264,807
536,224,498
544,224,498
360,408,324
368,408,324
360,416,324
368,416,324
368,424,324
368,432,324
368,440,324
360,424,694
360,432,694
360,440,430
360,448,430
368,448,430
368,384,686
376,384,686
384,384,686
392,384,686
384,392,686
392,392,686
368,392,270
376,392,270
368,400,624
376,376,478
384,376,478
376,400,384
384,400,384
376,408,384
384,408,384
376,416,384
384,416,384
376,424,384
384,424,384
376,432,384
376,440,384
376,448,384
424,320,504
432,320,504
416,328,504
424,328,504
432,328,504
416,336,504
424,336,504
408,344,504
416,344,504
400,352,504
408,352,504
416,352,504
392,360,504
400,360,504
408,360,504
416,360,504
384,368,504
392,368,504
392,400,288
400,400,288
392,408,288
400,408,288
392,416,288
400,416,288
392,424,288
400,424,288
384,432,288
392,432,288
400,432,288
384,440,288
392,440,288
400,440,288
384,448,288
392,448,288
400,448,288
400,368,854
392,376,854
400,376,854
408,376,854
416,376,854
424,376,854
408,384,854
440,368,566
432,376,566
440,376,566
448,376,566
456,376,566
464,376,566
472,376,566
400,384,566
416,384,566
424,384,566
432,384,566
440,384,566
448,384,566
456,384,566
464,384,566
472,384,566
400,392,566
408,392,566
416,392,566
424,392,566
432,392,566
440,392,566
448,392,566
456,392,566
464,392,566
472,392,566
408,400,566
416,400,566
424,400,566
432,400,566
440,400,566
448,400,566
456,400,566
464,400,566
472,400,566
424,408,566
432,408,566
440,408,566
448,408,566
456,408,566
464,408,566
472,408,566
424,416,566
432,416,566
440,416,566
448,416,566
456,416,566
464,416,566
472,416,566
424,424,566
432,424,566
440,424,566
448,424,566
456,424,566
464,424,566
424,432,566
432,432,566
440,432,566
448,432,566
456,432,566
464,432,566
416,440,566
424,440,566
432,440,566
440,440,566
448,440,566
456,440,566
416,448,566
424,448,566
432,448,566
440,448,566
448,448,566
456,448,566
424,456,566
432,456,566
440,456,566
448,456,566
456,456,566
432,464,566
440,464,566
448,464,566
432,472,566
440,472,566
448,472,566
424,352,466
432,352,466
440,352,466
424,360,466
432,360,466
440,360,466
408,368,466
416,368,466
424,368,466
432,368,466
408,440,768
408,448,768
408,408,204
416,408,204
408,416,204
416,416,204
408,424,204
416,424,204
408,432,204
416,432,204
440,320,12
448,320,12
456,320,12
440,328,12
448,328,12
456,328,12
464,328,12
432,336,12
440,336,12
448,336,12
456,336,12
464,336,12
424,344,12
432,344,12
440,344,12
448,344,12
456,344,12
464,344,12
448,352,12
456,352,12
448,360,12
456,360,12
480,336,562
472,344,562
480,344,562
464,352,562
472,352,562
480,352,562
464,360,562
472,360,562
480,360,562
448,368,562
456,368,562
464,368,562
472,368,562
472,432,120
464,440,120
472,440,120
464,448,120
472,448,120
464,456,120
472,456,120
456,464,120
464,464,120
472,464,120
456,472,120
464,472,120
472,472,120
464,320,788
472,328,788
472,336,788
464,480,226
464,488,266
472,480,178
472,488,178
464,496,178
464,528,24
472,528,24
480,528,24
464,536,24
472,536,24
480,536,24
488,536,24
464,544,24
472,544,24
480,544,24
488,544,24
464,552,24
472,552,24
480,552,24
464,560,24
472,560,24
480,560,24
464,568,516
480,464,180
488,464,180
496,464,180
480,472,180
488,472,180
496,472,180
480,480,180
488,480,180
496,480,180
504,480,180
480,488,180
488,488,180
496,488,180
504,488,180
472,496,180
480,496,180
488,496,180
496,496,180
504,496,180
464,504,180
472,504,180
480,504,180
488,504,180
496,504,180
504,504,180
472,512,180
480,512,180
488,512,180
496,512,180
504,512,180
464,520,180
472,520,180
480,520,180
488,520,180
496,520,180
504,520,180
488,528,180
496,528,180
504,528,180
496,536,180
504,536,180
472,576,710
496,576,710
504,576,710
512,576,710
472,584,710
480,584,710
488,584,710
496,584,710
504,584,710
512,584,710
472,592,710
480,592,710
488,592,710
496,592,710
504,592,710
512,592,710
472,600,710
480,600,710
488,600,710
496,600,710
504,600,710
512,600,710
472,608,710
480,608,710
488,608,710
496,608,710
504,608,710
480,616,710
480,400,148
480,408,148
480,416,148
472,424,148
480,424,148
480,432,148
480,440,148
488,560,716
472,568,716
480,568,716
488,568,716
496,568,716
480,576,716
488,576,716
480,328,434
488,328,434
488,336,434
480,368,729
488,368,729
480,376,729
488,376,729
496,376,729
504,376,729
512,376,729
480,384,729
488,384,729
496,384,729
504,384,729
512,384,729
480,392,729
488,392,729
496,392,729
504,392,729
512,392,729
480,448,140
488,448,140
480,456,140
488,456,140
496,456,140
488,400,728
496,400,728
504,400,728
512,400,728
488,408,728
496,408,728
504,408,728
512,408,800
520,408,800
488,416,800
496,416,800
504,416,800
512,416,800
520,416,800
488,424,800
496,424,800
504,424,800
512,424,800
520,424,800
488,432,800
496,432,800
504,432,800
512,432,800
520,432,800
488,440,800
496,440,800
504,440,800
512,440,800
496,320,818
520,320,818
528,320,818
496,328,818
504,328,818
512,328,818
520,328,818
528,328,818
536,328,818
496,336,818
504,336,818
512,336,818
520,336,818
528,336,818
536,336,818
488,344,818
496,344,818
504,344,818
512,344,818
520,344,818
528,344,818
536,344,818
544,344,818
488,352,818
496,352,818
504,352,818
512,352,818
520,352,818
528,352,818
536,352,818
544,352,818
552,352,818
488,360,818
496,360,818
504,360,818
512,360,818
520,360,818
528,360,818
536,360,818
544,360,818
552,360,818
560,360,818
496,368,818
504,368,818
512,368,818
520,368,818
528,368,818
536,368,818
544,368,818
552,368,818
512,536,894
496,544,894
504,544,894
512,544,894
488,552,894
496,552,894
504,552,894
512,552,894
496,560,894
496,448,646
504,448,646
512,448,646
504,456,646
512,456,646
504,464,108
512,464,108
520,464,108
504,472,108
512,472,108
528,520,508
520,528,508
528,528,508
536,528,508
528,536,508
536,536,508
528,544,508
536,544,508
528,552,508
504,560,508
512,560,508
528,560,508
504,568,508
512,568,508
520,568,508
520,576,508
520,584,508
520,472,834
528,472,834
512,480,834
520,480,834
528,480,834
536,480,834
544,480,834
512,488,834
520,488,834
528,488,834
536,488,834
544,488,834
512,496,834
520,496,834
528,496,834
536,496,834
544,496,834
512,504,834
520,504,834
528,504,834
536,504,834
520,512,834
528,512,834
536,512,834
520,520,834
536,520,834
512,512,454
512,520,454
512,528,454
520,536,454
520,544,454
520,552,454
520,560,454
520,376,231
528,376,231
536,376,231
544,376,231
552,376,231
520,384,231
528,384,231
536,384,231
544,384,231
552,384,231
560,384,231
520,392,231
528,392,231
536,392,231
544,392,231
552,392,231
560,392,231
568,392,231
520,400,231
528,400,231
536,400,231
544,400,231
552,400,231
560,400,231
568,400,231
576,400,231
528,408,231
536,408,231
544,408,231
552,408,231
560,408,231
568,408,231
576,408,231
528,416,231
536,416,231
544,416,231
552,416,231
560,416,231
568,416,231
528,424,231
536,424,231
544,424,231
552,424,231
560,424,231
568,424,231
560,432,231
528,432,404
536,432,404
544,432,404
552,432,404
568,432,404
520,440,404
528,440,404
536,440,404
544,440,404
552,440,404
560,440,404
520,448,404
528,448,404
536,448,404
544,448,404
552,448,404
560,448,404
520,456,404
528,456,404
536,456,404
544,456,404
528,464,404
536,464,404
544,464,404
536,472,404
544,472,404
560,528,450
552,536,450
560,536,450
544,544,450
552,544,450
560,544,450
544,552,450
552,552,450
560,552,450
544,560,450
552,560,450
536,568,450
544,568,450
552,568,450
536,576,450
544,576,450
552,576,450
544,520,174
552,520,175
560,376,232
568,384,232
584,400,706
592,400,706
584,408,706
592,408,706
600,408,706
576,416,706
576,424,706
576,392,262
584,544,480
